"Country","Product","ConceptReviewDate","BoardDate","CountryCodeISO3"
"Angola","Angola Performance and Learning Review",2016-03-07,2016-06-30,"AGO"
"Bangladesh","Bangladesh Country Partnership Framework",2015-10-02,2016-04-05,"BGD"
"Belarus","CPS Performance and Learning Review",2016-01-29,2016-05-26,"BLR"
"Benin","Benin PLR",2016-01-28,2016-05-12,"BEN"
"Bulgaria","Bulgaria CPF",2015-07-31,2016-05-19,"BGR"
"Cambodia","Cambodia Country Engagement Note (CEN)",2015-11-04,2016-05-19,"KHM"
"Cameroon","Cameroon Systematic Country Diagnostic",2015-02-27,2016-05-03,"CMR"
"China","Systematic Country Diagnostic",2015-06-09,2016-06-23,"CHN"
"Colombia","Colombia CPF",2015-12-16,2016-04-07,"COL"
"Congo, Democratic Republic of","DRC PLR",2015-07-09,2016-04-21,"COD"
"Congo, Republic of","ROC PLR",2015-02-20,2016-04-29,"COG"
"Djibouti","DJIBOUTI CPS Performance&Learning Review",2016-02-17,2016-05-31,"DJI"
"Ethiopia","Ethiopia SCD",2015-05-20,2016-03-31,"ETH"
"Gabon","GABON:  PLR",2015-06-25,2016-04-05,"GAB"
"Guatemala","Guatemala SCD",2015-11-19,2016-03-31,"GTM"
"Guinea-Bissau","GW-Systematic Country Diagnostic",2015-11-16,2016-04-28,"GNB"
"Guyana","Guyana Country Engagement Note",2015-02-11,2016-05-03,"GUY"
"Kazakhstan","CPS PLR",2016-03-15,2016-06-17,"KAZ"
"Kosovo","Kosovo, new CPF",2016-03-16,2016-05-31,"KSV"
"Maldives","Maldives Country Partnership Framework",2015-12-15,2016-04-26,"MDV"
"Mauritius","Mauritius CPF",2016-02-29,2016-05-17,"MUS"
"Moldova","MD CPS Performance&Learning Review FY16",2016-01-12,2016-05-17,"MDA"
"Mongolia","FY13-FY17 Performance and Learning Revie",NA,2016-06-16,"MNG"
"Montenegro","Montenegro Systematic Country Diagnostic",2015-01-13,2016-04-19,"MNE"
"Montenegro","Montenegro, new CPF",2016-02-23,2016-05-26,"MNE"
"Morocco","Morocco Performance and Learning Review",2015-12-09,2016-05-26,"MAR"
"Mozambique","Mozambique CPF",2016-01-25,2016-05-31,"MOZ"
"Nigeria","Nigeria CPS PLR",2016-02-16,2016-06-07,"NGA"
"Papua New Guinea","Papua New Guinea PLR",2016-02-29,2016-05-31,"PNG"
"Sierra Leone","SL-Systematic Country Diagnostic",2015-06-08,2016-05-31,"SLE"
"South Sudan","SS Country Engagement Note",2016-01-25,2016-04-28,"SSD"
"Sri Lanka","Sri Lanka Country Partnership Framework",2016-03-22,2016-06-28,"LKA"
"Tanzania","TZ- Systematic Country Diagnostics",2016-02-25,2016-05-25,"TZA"
"Timor-Leste","Timor-Leste PLR",2016-01-21,2016-06-10,"TLS"
"Togo","Togo SCD",2015-06-22,2016-04-14,"TGO"
"Tunisia","TN: Country Partnership Framework FY16",2015-05-26,2016-05-17,"TUN"
"Turkey","Turkey - SCD",2015-11-19,2016-05-31,"TUR"
"Uganda","Uganda Country Partnership Framework",2015-12-08,2016-04-21,"UGA"
"Uzbekistan","Uzbekistan Country Partnership Framework",2015-11-24,2016-03-31,"UZB"
"Uzbekistan","Uzbekistan Country Partnership Framework",2015-11-19,2016-04-26,"UZB"
"Vietnam","Vietnam SCD",2015-12-07,2016-05-02,"VNM"
"West Bank and Gaza","MNC04 Assistance Strategy Update/RR",2016-02-08,2016-04-28,"WBG"
